{
    "Airplane": {
        "precision": 0.0,
        "recall": 0.0,
        "f1-score": 0.0,
        "support": 2.0
    },
    "Bike": {
        "precision": 0.7,
        "recall": 0.6046511627906976,
        "f1-score": 0.6488413547237076,
        "support": 301.0
    },
    "Bus": {
        "precision": 0.6028169014084507,
        "recall": 0.5879120879120879,
        "f1-score": 0.5952712100139083,
        "support": 364.0
    },
    "Car & taxi": {
        "precision": 0.6836158192090396,
        "recall": 0.4548872180451128,
        "f1-score": 0.54627539503386,
        "support": 266.0
    },
    "Subway": {
        "precision": 0.64,
        "recall": 0.42857142857142855,
        "f1-score": 0.5133689839572193,
        "support": 112.0
    },
    "Train": {
        "precision": 0.6956521739130435,
        "recall": 0.48484848484848486,
        "f1-score": 0.5714285714285714,
        "support": 33.0
    },
    "Walk": {
        "precision": 0.7397727272727272,
        "recall": 0.9407514450867052,
        "f1-score": 0.8282442748091603,
        "support": 692.0
    },
    "accuracy": 0.696045197740113,
    "macro avg": {
        "precision": 0.580265374543323,
        "recall": 0.5002316896077881,
        "f1-score": 0.5290613985666324,
        "support": 1770.0
    },
    "weighted avg": {
        "precision": 0.6884329994543154,
        "recall": 0.696045197740113,
        "f1-score": 0.6818015426690371,
        "support": 1770.0
    }
}