{
    "Airplane": {
        "precision": 0.0,
        "recall": 0.0,
        "f1-score": 0.0,
        "support": 2.0
    },
    "Bike": {
        "precision": 0.7252747252747253,
        "recall": 0.6578073089700996,
        "f1-score": 0.6898954703832753,
        "support": 301.0
    },
    "Bus": {
        "precision": 0.6762402088772846,
        "recall": 0.7115384615384616,
        "f1-score": 0.6934404283801874,
        "support": 364.0
    },
    "Car & taxi": {
        "precision": 0.7096774193548387,
        "recall": 0.5789473684210527,
        "f1-score": 0.6376811594202898,
        "support": 266.0
    },
    "Subway": {
        "precision": 0.5971223021582733,
        "recall": 0.7410714285714286,
        "f1-score": 0.6613545816733067,
        "support": 112.0
    },
    "Train": {
        "precision": 0.0,
        "recall": 0.0,
        "f1-score": 0.0,
        "support": 33.0
    },
    "Walk": {
        "precision": 0.8311345646437994,
        "recall": 0.9104046242774566,
        "f1-score": 0.8689655172413793,
        "support": 692.0
    },
    "accuracy": 0.7480225988700565,
    "macro avg": {
        "precision": 0.5056356029012744,
        "recall": 0.5142527416826427,
        "f1-score": 0.5073338795854913,
        "support": 1770.0
    },
    "weighted avg": {
        "precision": 0.7317831290749417,
        "recall": 0.7480225988700565,
        "f1-score": 0.737338922033896,
        "support": 1770.0
    }
}