{
    "Airplane": {
        "precision": 0.0,
        "recall": 0.0,
        "f1-score": 0.0,
        "support": 2.0
    },
    "Bike": {
        "precision": 0.7403508771929824,
        "recall": 0.7009966777408638,
        "f1-score": 0.7201365187713311,
        "support": 301.0
    },
    "Bus": {
        "precision": 0.7381615598885793,
        "recall": 0.728021978021978,
        "f1-score": 0.7330567081604425,
        "support": 364.0
    },
    "Car & taxi": {
        "precision": 0.7276785714285714,
        "recall": 0.6127819548872181,
        "f1-score": 0.6653061224489796,
        "support": 266.0
    },
    "Subway": {
        "precision": 0.8490566037735849,
        "recall": 0.8035714285714286,
        "f1-score": 0.8256880733944955,
        "support": 112.0
    },
    "Train": {
        "precision": 0.5116279069767442,
        "recall": 0.6666666666666666,
        "f1-score": 0.5789473684210527,
        "support": 33.0
    },
    "Walk": {
        "precision": 0.8419654714475432,
        "recall": 0.9161849710982659,
        "f1-score": 0.8775086505190312,
        "support": 692.0
    },
    "accuracy": 0.7824858757062146,
    "macro avg": {
        "precision": 0.6298344272440008,
        "recall": 0.6326033824266315,
        "f1-score": 0.628663348816476,
        "support": 1770.0
    },
    "weighted avg": {
        "precision": 0.7795011800164433,
        "recall": 0.7824858757062146,
        "f1-score": 0.779312698321609,
        "support": 1770.0
    }
}