{
    "Airplane": {
        "precision": 0.0,
        "recall": 0.0,
        "f1-score": 0.0,
        "support": 2.0
    },
    "Bike": {
        "precision": 0.807843137254902,
        "recall": 0.6843853820598007,
        "f1-score": 0.7410071942446043,
        "support": 301.0
    },
    "Bus": {
        "precision": 0.7400530503978779,
        "recall": 0.7664835164835165,
        "f1-score": 0.7530364372469636,
        "support": 364.0
    },
    "Car & taxi": {
        "precision": 0.7131147540983607,
        "recall": 0.6541353383458647,
        "f1-score": 0.6823529411764706,
        "support": 266.0
    },
    "Subway": {
        "precision": 0.9263157894736842,
        "recall": 0.7857142857142857,
        "f1-score": 0.8502415458937198,
        "support": 112.0
    },
    "Train": {
        "precision": 0.7241379310344828,
        "recall": 0.6363636363636364,
        "f1-score": 0.6774193548387096,
        "support": 33.0
    },
    "Walk": {
        "precision": 0.8298701298701299,
        "recall": 0.9234104046242775,
        "f1-score": 0.8741450068399452,
        "support": 692.0
    },
    "accuracy": 0.7949152542372881,
    "macro avg": {
        "precision": 0.6773335417327768,
        "recall": 0.6357846519416259,
        "f1-score": 0.6540289257486306,
        "support": 1770.0
    },
    "weighted avg": {
        "precision": 0.7933009430870268,
        "recall": 0.7949152542372881,
        "f1-score": 0.7916070890177841,
        "support": 1770.0
    }
}